OccID,Latitude,Longitude,PROVINCE
150161,51.3,-128.8166667,BRITISH COLUMBIA
150155,48,-50,
150130,48,-50,
150107,59.26666667,-46.31666667,
150089,48,-44.5,
150014,21.73027778,-69.86833333,
149878,25.03888889,-77.46611111,
149855,44.5,-135,
149810,10.59305556,-85.54555556,
149777,18.50361111,-77.91333333,
149747,46.06666667,-33.28333333,
149707,47.49111111,-48.19472222,
149684,18.04083333,-63.10888889,
149679,26.55861111,-78.69555556,
149625,42.77527778,141.6922222,
149510,53.63333333,-44.65,
149346,49.96666667,-46.93333333,
149324,31,-70,
149284,50,-45,
149258,13.672475,-75.10605278,
149242,36,-140,
149231,59,-48,
149226,-79.7725,157.7598333,
149193,61.1176,-39.4,
149172,54.5,-40,
149154,54,-40,
149118,54,-30,
149065,60.11666667,-32.86666667,
149052,47.65,-34.6,
149028,61.89578333,-21.79848056,
149002,63.985,-22.60555556,
148976,48,-31,
148961,12.18888889,-68.95972222,
148934,47.95,-45.38333333,
148918,52.46805556,-54.63944444,
148917,48.5,-40,
148889,50.58847222,-8.49833333,
148888,0.80666667,-176.6163889,
148854,48.74583333,-132.1988889,
148763,53,-30,
148731,52.5,-34,
148676,25.03888889,-77.46611111,
148674,59.5,-43.00833333,
148551,25.29333333,-88.51833333,
148540,50,-49.5,
148536,46.25,-57.31666667,
148523,35.76527778,140.3855556,
148423,52.70194444,-8.92472222,
148394,48,-40,
148386,40.97611111,28.81388889,
148369,47.65,-34.21666667,
148365,62.4625,-58.50472222,
148345,27.93194444,-152.5172222,
148334,51.55222222,1.87138889,
148273,21.77388889,-72.26861111,
148248,53.42138889,-6.27,
148203,48,-50,
148202,-90,0.00027778,
148195,48,-50,
148194,61,-45,
148190,59,-46.5,
148162,48,-50,
148161,53,-41.11666667,
148159,53,-15,
148158,56,-34,
148131,17.93555556,-76.7875,
148110,60,-45,
148025,65,-50,
147960,53.35222222,-6.48833333,
147957,58,-50,
147929,51.8,-54.53333333,
147924,59,-40,
147918,54.1,-33.51666667,
147876,29.58222222,-14.01472222,
147820,78.6,-141.3555556,
147744,57,-180,
147689,48,-42,
147688,45.28333333,-57.75,
147674,53,-30,
147655,52.41666667,-33.83333333,
147519,53.42138889,-6.27,
147303,62,-40,
147291,18.50333333,-77.91333333,
147290,62,-40,
147172,56,-40,
147035,61,-41,
146979,19.29277778,-81.35777778,
146951,2.1,-105.4166667,
146424,53,-15,
121321,51.75,-44.7,
158943,19.43638889,-99.07222222,
158824,50,-145,
158760,38.78138889,-9.13583333,
158661,50.88333333,-46.18333333,
158326,4.70305556,-74.13833333,
158235,50.95,-50.18333333,
158220,49.36666667,-42.08333333,
158016,48,-50,
157749,40.4675,50.04666667,
157742,19.43638889,-99.07222222,
157741,-12.02194444,-77.11444444,
157272,48.2082,16.3738,
156894,19.43638889,-99.07222222,
156802,42.02750278,34.85546389,
156754,24.77282222,-86.33970556,
156533,60.61666667,-44.78333333,
156422,10.59305556,-85.54555556,
156339,21.45712778,-87.30729167,
156311,53.42138889,-6.27,
156048,56.58333333,-38.8,
155975,48,-50,
155912,56.5,-48,
155791,19.43638889,-99.07222222,
155766,58,-50,
155672,64,-30,
155417,22.37944444,-73.01361111,
155156,25.75841667,-77.22533889,
154362,48,-50,
154127,46.96666667,-33.91666667,
153935,49.9167,-49.6667,
153819,18.04083333,-63.10888889,
153609,10.59305556,-85.54555556,
153579,49.1426,-48.1539,
153502,52.70194444,-8.92472222,
153490,53.42138889,-6.27,
153274,37.25055556,27.66444444,
152846,62,-20,
152655,26.55861111,-78.69555556,
152479,21.37777778,-69.80027778,
152466,26.63583889,-78.6909,
152198,63.985,-22.60555556,
152051,42.65,-142.0456,
151881,58.93,-50.18944444,
151871,49.73333333,-51.26666667,
151416,59.66666667,-46.43333333,
151213,48,-50,
150751,48,-15,
150722,18.50361111,-77.91333333,
150671,39.55166667,24.7,
150379,35.3312,139.7811111,
150317,53.42138889,-6.27,
150299,43,-20,
150181,43.07222,-57.868,
146472,64.1355,-21.8954,
146209,53.42138889,-6.27,
145740,55,-30,
145612,49,-50,
145174,51,-50,
145172,25.03333333,-77.45,
145095,52,-50,
144910,49.5,-44.5,
144828,57,-20,
144532,48.11666667,-51.86666667,
144428,54.8,-45.46666667,
144336,50,-40,
144278,20.33333333,-70.33333333,
144229,45,-40,
144190,44.16666667,-54.88333333,
144009,35.76527778,140.3855556,
143794,56.11666667,-35,
143775,53.95,-31.06666667,
143614,37.71666667,41.56666667,
143281,48,-50,
143074,48,-50,
142836,60,-47,
142735,50,-50,
142468,58,-50,
142348,53.08333333,-54.08333333,
142306,46.91666667,-51,
142232,47.28333333,-34.31666667,
142074,46.7,-48,
141904,51,-50,
141889,68,-40,
141542,34.46666667,-67.6,
141216,59.1,-40.65,
141207,40,-166.5,
141203,28,-73,
141154,7.08333333,-77.75,
141001,61,-58,
140376,19.4326,-99.1332,
140065,49,-132.45,
139894,19.4326,-99.1332,
139586,50,-145,
139425,48.93333333,-131.2166667,
138413,45.5,-33,
138365,52.33333333,-42.5,
137144,54,-50,
137111,25.03888889,-77.46611111,
136939,40.4093,49.8671,
136369,24.05,-74.51666667,
136348,38.2925,27.15694444,
136032,36.96666667,-25.16666667,
135942,48,-50,
135608,46,-42,
135312,-74.06666667,10.9,
134181,53.41666667,-6.26666667,
133798,46,-41,
133760,48,-50,
133746,44.11666667,-52.81666667,
133601,50.5,-52.06666667,
133491,40,47,
133303,58,-50,
133110,34.42722222,135.2441667,
133106,50,-40,
132906,52,-35,
132726,46,-51,
131936,48,-50,
131491,69.63333333,-65.78333333,
130030,59,-40,
129829,42.93333333,-51,
129560,48.95,-130.8,
129368,51,-41,
129044,55.83333333,-51,
128953,61,-40,
128444,56,-40,
128282,35.76527778,140.3855556,
127722,55,-32,
127045,51.46666667,-45.68333333,
126301,42.13333333,-63.41666667,
126222,50,-50,
125783,55.33333333,-43,
125701,56,-33,
125535,59.5,-45,
125459,48,-50,
125163,13.07472222,-59.4925,
125100,61,-40,
123777,53,-43.75,
123672,52,-38,
123442,48,-50,
123159,19.43333333,-99.06666667,
122992,59,-49,
122917,4.7,-74.13333333,
122867,50,-50,
122578,53.42138889,-6.27,
122150,50,-145,
121977,56.78333333,-33,
121967,54,-50,
121733,55,-40,
121456,55,-45,
121323,51.75,-44.4,
121292,-10,-140,
121087,52.7,-8.91666667,
120706,23.41666667,-46.46666667,
120684,38.71666667,-9.13333333,
120542,60.53333333,-28.41666667,
120360,47,-51,
120190,35.76666667,140.3833333,
120074,60.41666667,-53.45,
119922,46.66666667,-42.5,
119845,55,-47,
119764,0,-47,
119292,46,-30,
119183,48,-38.16666667,
119127,48,-45,
118442,25.03888889,-77.46611111,
118391,50,-30,
116099,0.9,-40,
115894,25.03333333,-77.46666667,
115403,53.86666667,-54.96666667,
114779,53.5,-35,
114633,59,-40,
114127,62.66666667,-40,
114027,50,-50,
113867,60.41666667,-38.63333333,
113607,48,-50,
112927,44.66666667,-55,
112612,50,-50,
112411,58,-30,
112130,40,-51,
111720,48,-50,
111557,61.16666667,-45.41666667,
111475,25.03888889,-77.46611111,
111350,56,-35,
109842,52,-50,
109776,50,-50,
109588,56.31666667,-58.08333333,
109232,53.08333333,-54.08333333,
109216,52,-50,
109194,50,-50,
107821,52,-51,
107320,57,-50,
106969,63,-40,
106857,48,-50,
106506,56,-40,
106043,44,-50,
104743,53.86666667,-54.96666667,
103788,60,-40,
103622,51,-40,
102734,74.95,-125,
102584,48,-30,
101884,60,-30,
101821,57,-46,
101578,51,-40,
101400,60,-40,
101365,51,-42,
101240,51,-40,
100771,52,-35,
100396,12.0561,-61.7488,
99869,51,-32,
99819,65,-60,
99526,56,-59,
99525,53.21666667,-50.8,
99406,47,-37,
99350,50.5,-45,
99145,62,-44,
98981,55.55,-49.53333333,
98955,19.4326,-99.1332,
98799,45,-50,
97780,47.5,-47.83333333,
97134,47,-40,
96865,52,-50,
96556,56,-35,
96553,50.5,-30,
95858,21,-86.75,
95854,54,-50,
95661,18,-70,
95580,48,-45,
95197,54,-30,
94800,53.33333333,-34.16666667,
94627,57,-36,
94615,60,-45,
94434,51.36666667,-47.66666667,
94298,50,-30,
94281,61,-40,
94148,35,-8,
94123,44.83333333,-43.08333333,
93071,48.5,-32.66666667,
93021,51,-30,
92821,47,-44,
92624,53,-45,
92526,47.75,-36,
91559,30,-40,
91534,10.06666667,100.4166667,
91521,49,-50,
91363,61.75,-10.66666667,
91210,57,-54,
90732,48,-50,
90619,48,-50,
89988,59,-40,
89610,43.13333333,-55.76666667,
89428,32,-65,
89414,51,-40,
89361,48.16666667,-39,
89122,31.58333333,-20.75,
89018,62.5,-33.5,
88689,25.033,121.5654,
88465,52,-40,
88384,13.7563,100.5018,
87978,50.5,-47,
87948,44.55,-55.48333333,
87628,51.5,-48.5,
87193,52.52,13.405,
86589,41.35,-66,
86378,62.75,-35,
84981,37.46666667,42.66666667,
84710,43.5,-63.5,
84517,56.21666667,-55.96666667,
84039,54.66666667,-37.71666667,
84022,52.66666667,-9,
83141,48,-50,
82857,62,-30,
82670,43.55,-67,
82158,54,-40,
81769,60,-40,
81721,59,-50,
81649,53,-50,
81583,49,-47,
81485,43.46666667,-42.03333333,
81248,46.78333333,-43,
80823,53,-31,
80808,48,-40,
80799,52.66666667,-54.8,
80023,60.5,-56,
79608,57,-40,
79522,39.0392,125.7625,
78865,51.5,-45,
78840,50,-50,
78631,50,-50,
78092,48.13333333,-38.83333333,
78033,55,-50,
77684,66,-30,
77188,49,-40,
76896,46,-50,
75177,51,-33,
74674,51,-40,
74411,48.83333333,-45,
73864,53,-45.16666667,
73374,40,-60,
73253,48.43333333,-38.81666667,
73175,52,-8.5,
72199,14.58333333,60,
72122,-15,54,
72118,61,-40,
72049,54,-52.83333333,
69020,54,-32,
67991,48,-40,
67464,46,-50,
67419,35.6895,139.6917,
67226,46,-40,
67064,43,-40,
66580,47,-50,
66551,45.9,-50,
66505,55,-45,
66266,52,-43,
66041,48.5,-25,
65984,55,-40,
65752,47.05,-50,
65566,45,-50,
65372,56.83333333,-58,
65271,59,-50,
63594,12.5,-59.5,
63544,13.7563,100.5018,
63542,65.68333333,-51.25,
63280,52,-50,
63270,45,-48,
63254,55,-30,
63239,54,-45,
63235,56.66666667,-58,
63216,59.5,-46.5,
63212,50.83333333,-32,
63206,50,-40,
63182,49,-50,
63113,61,-40,
63097,56.5,-53,
63086,57,-55.5,
63081,62,-37,
63062,63,-50,
62468,18,-70,
61804,12,-76.8,
61578,32.65,-77.88333333,
61214,43.63333333,-35.58333333,
61198,47,-34,
61186,52,-44,
61182,48.83333333,-44.83333333,
61167,52.5,-35,
61166,60,-50,
61151,62.3,-56,
61149,51,-40,
61147,61,-60,
61133,50.5,-30,
61126,52,-54,
61115,60.5,-55.66666667,
61084,47.5,-49.33333333,
61044,61,-40,
60964,55.5,-45,
60421,30,-71.75,
59668,62,-62,
59546,64.13333333,-21.95,
59274,54,-39,
59262,48.28333333,-46.26666667,
59209,55,-40,
59183,50,-38,
59160,51,-40,
59151,60.75,-41.33333333,
59150,52.16666667,-54.91666667,
59131,53,-42,
59126,48.16666667,-40,
59114,48.16666667,-40,
59109,54.9,-50,
59100,47.83333333,-51,
59050,52,-40,
59031,57,-30,
59022,61,-55,
58732,48,-50,
58630,54.71666667,-33.78333333,
58592,48,-50,
58501,25,-140,
57823,53.3498,-6.2603,
57587,56,-45,
57541,52.75,-33.2,
57525,52,-40,
57497,49.26666667,-40,
57495,49,-40,
57367,61,-40,
57354,46.5,-46,
56114,46.53333333,-55.68333333,
56108,57,-40,
56107,58,-30,
56105,45,-50,
56104,47,-50,
56100,51.5,-52.5,
56095,51,-53,
56057,54,-21,
55031,39.9208,32.8541,
54872,58,-50,
54851,49.26666667,-40,
54830,49,-30,
54783,54.58333333,-56,
51580,69.91666667,-132.8333333,
50856,64.1835,-51.7216,
47441,10.96666667,-3,
158898,4.70305556,-74.13833333,
158730,50,-145,
158487,48,-50,
158412,48.84972222,-51.99972222,
158327,50,-145,
158238,57.11666667,-30,
157934,50,-145,
157899,64.38333333,-56.5,
157679,52.70194444,-8.92472222,
157615,53.1027,-25.324,
157032,21.77388889,-72.26861111,
157017,19.4326,-99.1332,
156927,37.46916667,126.4505556,
156619,50,-45,
156605,37.01444444,-7.96583333,
156588,30.49640556,-74.05727222,
156448,47.28,-47,
156336,51.33333333,-43.96666667,
156220,37.46916667,126.4505556,
156077,19.43638889,-99.07222222,
155851,50.3,-52.8,
155391,43.58305556,-130.9166667,
155073,35.76527778,140.3855556,
154487,54.61666667,-34.73333333,
154003,45.15,-48.55,
153514,19.29277778,-81.35777778,
153309,45.45,-48.16666667,
153079,53.42138889,-6.27,
153057,12.18888889,-68.95972222,
152790,57,-25,
152715,22.60733611,-69.2439,
152662,18.50361111,-77.91333333,
152516,22.38125833,-88.17565278,
152148,50.8,-53.7,
151829,52.70194444,-8.92472222,
151731,-14.52111111,132.3777778,
151606,12.50138889,-70.01527778,
151539,53.42138889,-6.27,
151420,58.5,-52,
151222,19.43638889,-99.07222222,
151176,49.3,-37.3,
151154,24,-70,
151007,25.03888889,-77.46611111,
150912,19.43638889,-99.07222222,
150747,30.09944444,-72.80722222,
150713,50.75,-47.68333333,
150662,18.50361111,-77.91333333,
150659,57.43333333,-45.78333333,
150595,48.5,-52,
150570,56.925,-9.5,
150435,38.78333333,-9.13333333,
150413,53.42138889,-6.27,
150350,36.89861111,30.80055556,
146919,13.07472222,-59.4925,
146471,53,-41,
146426,55,-40,
146370,62,-50,
146344,47,-30,
146089,47,-40,
145973,51.7,-51.5,
145927,45,-45,
145911,18.5,-77.9,
145877,45,-45,
145669,78.16666667,-141,
145619,23.58138889,-75.27055556,
145362,46,-50,
145361,48,-50,
144879,50,-50,
144768,45,-45,
144674,48,-35,
144311,49,-36,
144101,55,-54.66666667,
143841,54,-50,
143758,54,-40,
143471,44.26666667,-61.81666667,
143347,49,-40,
142697,21.77388889,-72.26861111,
142474,49.5,-46,
142054,52.7,-8.91666667,
142036,53.42138889,-6.27,
141921,57.26666667,-44,
141588,51.36666667,-52.7,
141564,54,-50,
141307,55,-29,
141295,31.18333333,-150,
141267,59,-44,
141221,37.76666667,-69.5,
140994,50,-133.4,
140987,-20,80,
140931,50.91666667,-32,
140830,51,-45,
140607,19.43333333,-99.06666667,
140437,40.41666667,145,
140096,53.5,-53.83333333,
139819,19.4326,-99.1332,
139770,34,-150,
139679,54,-40,
139450,47.7,-129.7666667,
139000,54,-40,
138699,44.71666667,-53.53333333,
137803,45,-40,
137664,48.91666667,-50.08333333,
136925,53.75,-51.18333333,
136783,36.7,28.78333333,
136763,19.5,-77.5,
136713,48,-131.5333333,
136364,10.83333333,-160,
136239,37.46916667,126.4505556,
136132,48,-50,
135577,56.83333333,-177.35,
135423,48,-47,
134277,48,-50,
134096,45,-47.83333333,
133996,18.5,-77.9,
133866,55.08333333,-57.5,
133350,50,-40,
133112,43.2,156.05,
132810,50,-40,
132759,34.42722222,135.2441667,
132218,48,-50,
131756,53,-15,
131534,19.29277778,-81.35777778,
131420,50,-45,
131381,55,-50,
131295,40,-140,
131210,48,-50,
130587,51.38333333,-52.7,
130415,50,-45,
130339,54,-40,
129834,53,-30,
129447,52.7,-8.91666667,
129369,60,-40,
127719,48,-40,
127517,48,-50,
127487,43,-51.33333333,
127154,50,-30,
127084,35.6895,139.6917,
127027,-72.55,7.73333333,
126489,35.6895,139.6917,
125600,46,-40,
125135,48,-50,
125085,48,-50,
125065,21.03333333,-85.86666667,
124935,53.86666667,-54.96666667,
124906,43.36666667,-56.73333333,
124487,52.71666667,-8.91666667,
124382,57.98333333,-34.13333333,
124298,48,-50,
123578,59,-50,
123257,53.41666667,-6.26666667,
123183,45.65,-52.1,
122852,48,-50,
122688,58,-40,
122412,48,-50,
121161,55.51666667,-57.01666667,
120904,61,-30,
120800,59,-60,
120543,52.61666667,-45.88333333,
120365,48,-48,
120364,42.5,-60,
117912,23.51057778,-75.21741111,
117833,55.51666667,-57.01666667,
116135,48,-50,
115969,-10,-140,
115879,57,-38,
114920,49.31666667,-40,
114768,51,-30,
114748,56,-37,
114133,52,-40,
113663,53.08333333,-54,
112880,48,-50,
112020,40.4093,49.8671,
111795,45,-40,
111690,47.33333333,-32,
111688,55,-39,
111551,61,-43,
110403,49,-33,
109141,19.43333333,-99.06666667,
108634,56.31666667,-58.08333333,
108605,51,-50,
107103,45,-42,
106932,46.75,-48.76666667,
106409,-35,151,
106064,50.33333333,-33,
105902,52,-47,
105761,47.33333333,-46.16666667,
105244,38.76666667,-27.1,
105112,53.5,-46,
104850,51.83333333,-8.48333333,
104356,57.45,-36.5,
104209,42.25,-63,
104112,49,-50,
101903,51,-49.85,
101831,25.06666667,-121.2333333,
101788,62,-40,
101784,23,-87,
101533,58,-16,
101374,61,-30,
101160,49,-43,
100639,51.46666667,-46.46666667,
100110,64.2,-51.68333333,
100096,44.11666667,-52.81666667,
100057,45.66666667,-50.83333333,
99876,71,-60,
99201,45.83333333,-52,
98346,64,-45,
98091,50,-39.58333333,
98046,60,-35,
98044,48.16666667,-40,
97609,54.75,-55.83333333,
97302,47,-50,
97135,33.5,-77.31666667,
96547,40,-60,
95788,62,-39,
95265,49,-40,
95022,56,-45,
94755,30.75,-6.91666667,
94737,52.5,-45,
94595,49.5,-50,
94147,45.66666667,-53,
94049,48,-50,
93720,51,-40,
93530,50,-39,
93070,60,-50,
93049,51,-30,
93047,60,-40,
92419,58.5,-45,
91587,48,-50,
90235,45,-40,
89857,50,-30,
89455,54.83333333,-30.16666667,
89255,48,-50,
89210,46,-44,
88768,55,-50,
88316,11,-61,
88276,54.56666667,-45.46666667,
88193,49.5,-45,
87964,54.83333333,-51.16666667,
86763,51.83333333,-47,
86400,57,-40,
86356,49.26666667,-40,
86126,50,-50.5,
85056,58,-50,
83443,54.61666667,-55.86666667,
82779,55,-20,
82341,46,-40,
81093,23,-107,
81057,59.28333333,-39.25,
80899,56.5,-54.5,
80893,-67.56666667,-68.11666667,
80274,49.71666667,-43.73333333,
80103,57,-50,
80021,67,-56.3,
79668,46,-56.16666667,
78255,22,-72,
78124,46,-50,
77689,46,-50,
76607,55.78333333,-36.4,
75813,49.5,-51.33333333,
75601,55.66666667,-46,
75467,50.08333333,-34.86666667,
75413,58,-44,
75378,13.7563,100.5018,
75279,56,-30,
74655,53.3498,-6.2603,
74207,19.4326,-99.1332,
73976,54.61666667,-55.86666667,
73555,18,-63,
73308,19.4326,-99.1332,
73084,50,-49,
72914,52,-40,
72387,23.5,-65.8,
72300,47,-50,
72012,-15,54,
68983,39,148.5,
68019,53,-50,
67777,53,-40,
67365,50,-40,
67081,54,-50,
66832,44.76666667,-29.03333333,
66250,47,-40,
65538,58,-50,
65407,55.08333333,-49,
65222,25,-97,
65148,25.03333333,-77.46666667,
65141,50,-145,
64955,69,-60,
64787,51,-15,
63381,80.36666667,-104.5666667,
63312,59.76666667,-33,
63273,61,-40,
63249,45.66666667,-50.63333333,
63248,61,-40,
63234,54.5,-55.75,
63215,52,-50,
63181,42.2,-66.5,
63176,53,-50,
63174,61,-40,
63135,45.55,-60,
63114,48,-50,
63110,61,-40,
63090,52,-50,
63078,48.25,-47,
62899,54.78333333,3.13333333,
61515,33.83333333,-5.83333333,
61250,50,-50,
61241,58,-40,
61218,49,-40,
61197,55.33333333,-50,
61185,51.58333333,-47.5,
61184,55,-40.83333333,
61162,47,-50,
61160,61.08333333,-37,
61140,48,-50,
61090,60,-30,
61087,48,-50.5,
61072,47,-30,
61062,57,-30,
61051,49,-50,
61040,57,-30,
61022,45,-45,
60989,52,-40,
60727,-12.01666667,-77.1,
60563,50,-40,
59283,53,-54,
59233,51,-40,
59216,64,-40,
59207,62,-50,
59189,48,-33,
59155,61.5,-33.66666667,
59120,61,-45,
59054,52,-30,
58427,49.36666667,-130.0166667,
57591,47,-50,
57582,58,-45,
57577,54.61666667,-55.86666667,
57570,41,-60,
57567,57,-40,
57546,57,-59,
57535,50,-50,
57521,48,-50,
57503,55,-45,
57420,53,-15,
56810,50,-145,
56138,49,-40,
56137,62,-40,
56133,60,-40,
56126,55,-30,
56111,52,-50,
56101,64,-50,
56083,46.83333333,-50.53333333,
56073,57,-40,
56063,51,-54,
55030,38.2,41.65,
54865,48,-33,
54862,55,-40,
54861,61,-40,
54856,52,-30,
54844,59,-40,
54825,55.51666667,-57.01666667,
54823,55,-50,
54815,47.5,-50,
54792,59,-50,
54748,61,-50,
54743,54.5,-56,
54733,61.33333333,-38,
54732,50,-52,
53713,61,-40,
45305,25.0343,-77.3963,
158975,48,-50,
158643,4.70305556,-74.13833333,
158435,53.42138889,-6.27,
158212,18.04083333,-63.10888889,
158190,50,-145,
158106,35.3312,139.7811111,
157972,49.91666667,-50.5,
157955,50,-145,
157871,48,-50,
157487,48,-50,
157361,48,-50,
157349,51.86380556,-32.09761111,
157294,38.78138889,-9.13583333,
157213,35.76527778,140.3855556,
157030,21.01683889,-86.37352222,
157012,48,-50,
156932,48,-50,
156810,55,-40,
156800,29.52526111,-73.99895556,
156795,24.04,-86.15833333,
156628,73.73333333,-0.48638889,
156607,37.01444444,-7.96583333,
156467,45.88333333,-56.83333333,
156410,4.70305556,-74.13833333,
156356,54.66593611,6.99246944,
155962,46,-35,
155734,52,-35,
155726,46.36196944,-127.3595111,
155687,54.04,-37.06,
155457,4.70305556,-74.13833333,
155442,54.45726111,7.97066111,
154821,57.43333333,-34.36666667,
154406,-2.78E-06,2.78e-06,
154392,53.63027778,9.98833333,
154298,45.81666667,-52.86666667,
153786,50,-20,
153391,41.13472222,11.00055556,
153257,35.76527778,140.3855556,
153127,37.014425,-7.96591,
153098,53.42138889,-6.27,
153088,53.42138889,-6.27,
152730,62,-40,
152726,26.78236944,-77.54530833,
152604,58,-38.9,
152497,31.62430556,-76.74766944,
152385,25.50488056,-109.3672083,
152376,56.05,-31.18333333,
152293,46.28527778,-136.3333333,
152245,56.21666667,-44.13333333,
152144,10.59305556,-85.54555556,
151813,45.74305556,16.06888889,
151789,35.3312,139.7811111,
151660,38.9717,-14.6098,
151580,49,-32,
151111,60,-12.53333333,
151048,52.72166667,-8.885,
150978,36.24333333,134.5033333,
150918,23.65888889,-77.9425,
150850,52.9,-38.46666667,
150836,41.29546667,-17.18164167,
150812,16.96611111,8,
150749,50.5,-52,
150685,24.83333333,-64.08333333,
150667,51.81666667,-32.76666667,
150636,63.985,-22.60555556,
150548,61.74548,-46.81638,
150320,19.43638889,-99.07222222,
150311,63.5,-30,
146796,61,-36,
146740,43,-50,
146651,55.03333333,-57,
146648,28.85,-70.96666667,
146230,48,-50,
146139,52,-50,
146009,61.16666667,-45.41666667,
145668,18.1096,-77.2975,
145644,19.4326,-99.1332,
145439,61.75,-43.28333333,
145254,46.48333333,-47.61666667,
145242,56.61666667,-55.38333333,
144646,63.98333333,-22.6,
144433,40,-48,
144334,61.78333333,-43,
143989,18.03333333,-63.1,
143971,46,-50,
143961,-71.91666667,8.3,
143824,44.11666667,-45.93333333,
143581,53.41666667,-6.23333333,
143162,41.76666667,-61.16666667,
142254,56,-50,
142180,51.91666667,-41.58333333,
142077,53.86666667,-54.96666667,
141882,53.95,-3.81666667,
141390,57.76666667,-43.5,
141186,55.31666667,-43.86666667,
141000,60.33333333,-43.66666667,
140137,43.33333333,-130.95,
140021,51,-37,
139966,47.7,-129.7666667,
139962,35.6895,139.6917,
139791,56,-20,
139480,49,-132.45,
139419,57,-31,
139278,57,-50,
139075,52,-50,
138970,53.42138889,-6.27,
138596,25.03333333,-77.45,
137719,51.66666667,-34.3,
137116,48,-50,
136843,46,-38,
136267,47,-33,
136262,52.03333333,-33,
136234,40.36666667,-56.61666667,
135858,55,-46,
135208,19.43333333,-99.06666667,
135053,45.66666667,-44,
134031,55,-40,
133467,51,-132.6833333,
133447,35,18,
133426,4.711,-74.0721,
133010,-20,-164,
132881,53,-33,
132549,48,-50,
132385,30,-150,
132366,-20.38333333,-160.8833333,
132247,52,-40,
130806,-58.51666667,-43.98333333,
130615,34.42722222,135.2441667,
130575,46,-50,
130550,25.36666667,-77.9,
130498,42.76666667,141.5333333,
130036,52,-40,
129617,48,-50,
128967,44,-48,
128892,63.98333333,-22.6,
128501,50,-51.33333333,
128463,31.13333333,-121.7833333,
127697,59.21666667,-49.58333333,
127175,52,-37,
127101,52.5,-42,
126779,62,-30,
126157,36.68333333,35.26666667,
126023,81.6,-16.7,
125450,50.33333333,-37.6,
125428,53.08333333,-54.08333333,
125413,61.66666667,-44.43333333,
125255,53,-20,
125250,43,-135,
125161,0,-47,
125145,13.07472222,-59.4925,
124904,45.73333333,-41.91666667,
124785,23.43333333,-46.46666667,
124073,45,-45,
123607,53.66666667,-42,
123389,65,-50,
123357,52,-46,
122802,52.43333333,-39.81666667,
122599,51,-40,
122487,48,-50,
121394,50,-145,
121381,59,-40,
121317,13.07472222,-59.4925,
120539,50,-50,
120476,19.43333333,-99.06666667,
119518,57,-40,
119490,57.16666667,-48.68333333,
119461,47,-50,
119203,43,-40,
118672,56.33333333,-43,
117996,25.03888889,-77.46611111,
117910,62,-40,
117571,55.91666667,-36,
117394,55,-50,
117160,53.46666667,-44.43333333,
115817,34.78333333,135.4333333,
114918,42.11666667,-63.4,
113367,49.55,-40.48333333,
113307,50.75,-32.5,
112901,58.66666667,-33,
112875,48,-50,
112005,52,-30,
111900,49,-40,
111726,49.66666667,-50,
111355,61,-38,
111330,48.16666667,-40,
111011,58,-50,
110460,48.31666667,-38.95,
110437,50.73333333,-35.33333333,
110427,53.1,-53.15,
109875,35.76527778,140.3855556,
108422,61,-42.5,
108377,52,2,
108199,58.83333333,-33.66666667,
107980,53.08333333,-54.08333333,
107721,55.5,-47.66666667,
107716,4.711,-74.0721,
107340,25.03888889,-77.46611111,
105883,59,-50,
105638,44.5,-57.08333333,
105410,51,-46,
103546,17.91666667,-69.75,
103326,45.33333333,-32.8,
102118,33,-148,
102030,57,-35,
102015,48.5,-33,
101420,60,-40,
101232,48.91666667,-44.33333333,
100922,57,-30,
100887,59,-50,
100787,47.66666667,-43.78333333,
100767,53,-55.08333333,
100202,57.5,-30,
99852,55,-50,
99591,57,-40,
99146,62,-40,
99128,63,-40,
99064,45.83333333,-50.85,
98998,45.65,-57.5,
98791,61,-30,
98642,62.66666667,-44,
98556,-69.5,-130.0166667,
98122,53,-50,
97933,59,-15,
97465,60,-57,
97133,61,-30,
96443,35,129,
96191,19.4326,-99.1332,
95943,48,-35,
95813,49,-40,
95125,58,-40,
94842,48,-50,
94789,46,-50.33333333,
94701,63.61666667,-26.28333333,
94186,59.5,-55,
94167,50.5,-45,
94042,45,-50,
94012,53,-45,
93695,50,-40,
92888,52,-40,
91654,51,-50,
91474,51,-50,
91296,56,-40,
91295,52.52,13.405,
91274,55,-50,
91001,44,-40,
90998,48.16666667,-40,
90830,46,-50,
90750,49,-50,
90730,59,-30,
90609,53.16666667,-48,
90442,53,-40,
90028,-10,-140,
89913,35.6895,139.6917,
89802,54,-40,
89541,58.5,-34,
89177,47,-50,
89130,49,-46,
88262,52,-9,
87486,53,-50,
87086,48,-42,
85958,25,-79,
85099,61.5,-38,
85040,9.93333333,100.5,
84665,41,-65,
84548,49.08333333,-35,
84359,54,-30,
84212,50,-50,
83900,69,-40,
83889,60,-20,
83359,50.5,-45,
83257,55.6,-46.56666667,
83149,56.16666667,-55.58333333,
82696,52.45,-50,
82331,49,-50,
81987,52.41666667,-52.66666667,
81468,50.83333333,-32.7,
80785,35.75,140.3833333,
80711,61,-50,
80594,52.93333333,-40.16666667,
80095,54.8,-48.28333333,
79791,53,-54,
79625,56,-30,
79622,55,-30,
79262,0,-35,
79097,61,-42,
78937,61.83333333,-35.5,
78357,52.52,13.405,
78193,56.5,-47,
77996,62,-50,
77938,50,-47,
77663,22.31666667,119.2,
76804,59,-26,
75541,59.75,-53,
74099,58,-3,
73884,13.0978,-59.6171,
73876,23.85,-87,
73713,50,-40,
73634,59,-60,
73557,46.5,-40.4,
73079,50.75,-54,
72992,46.16666667,-53,
72982,51,-40,
71667,52.33333333,-39.66666667,
68727,64.1835,-51.7216,
67985,60,-45,
67492,58,-50,
67473,50,-145,
66965,48.91666667,-39.36666667,
66872,55.33333333,-37.5,
66836,44,-62,
66596,54.66666667,-55.83333333,
66502,57,-40,
66311,63,-60,
66000,53,-40,
65537,59,-50,
63302,58,-50,
63298,50,-48,
63288,49.75,-50,
63269,51,-40,
63245,61.15,-45.41666667,
63240,60,-39,
63223,60,-41,
63200,45,-33,
63161,50,-50,
63152,53,-50,
63133,56.75,-53.66666667,
63121,40,-40,
63115,61,-40,
63099,53,-54,
63098,61,-40,
63091,48,-40,
61516,57.75,-10.08333333,
61254,48,-35,
61228,52,-50,
61227,48,-46.93333333,
61208,58,-20,
61172,59,-30,
61146,48,-45,
61127,54,-48,
61123,60.5,-46.5,
61099,47,-40,
61078,49,-40,
61039,58,-38,
61034,40,-59,
60985,47,-40,
60973,54,-45,
60630,35.73333333,-10.03333333,
59836,1.3521,103.8198,
59304,50,-40,
59301,53.83333333,-55,
59275,56,-35,
59269,59,-50,
59240,46.16666667,-54.5,
59238,58.5,-53.33333333,
59225,57,-50,
59221,53,-50,
59211,50,-30,
59181,61,-30,
59123,54.75,-51.5,
59111,49.26666667,-40,
59099,52.6,-45,
59066,53.86666667,-54.96666667,
59059,45,-40,
59058,60,-40,
58368,61,-38,
57588,55,-30,
57576,51,-40,
57558,54.61666667,-55.86666667,
57554,57.5,-35,
57543,51,-45,
57531,48,-40,
57522,51,-50,
57516,48,-50,
57508,53,-50,
57507,53,-50,
57500,46,-38,
56135,49,-50,
56120,47,-40,
56106,59,-55,
54864,63,-50,
54855,55.51666667,-57.01666667,
54853,47,-50,
54842,51,-30,
54829,46.11666667,-44.51666667,
54818,59,-35,
54741,52,-50,
48591,25.0343,-77.3963,
46387,38.48333333,-9,
158900,48,-50,
158859,28.04,-16.57016667,
158650,4.70305556,-74.13833333,
158542,35.76527778,140.3855556,
158198,48,-50,
158184,-12.02194444,-77.11444444,
157839,4.70305556,-74.13833333,
157831,48,-50,
157409,48,-30,
156899,25.03888889,-77.46611111,
156689,48,-50,
156659,35.765,141.2444,
156462,61.04,-40.04,
156427,61.15,-38.11,
156377,44.57222222,26.10222222,
156370,45.21319722,-48.85206111,
156250,53.81542222,-3.93449444,
156105,42.85505,-9.78927778,
155668,58.15,-59.6,
155643,53.42138889,-6.27,
155503,46.87802778,-49.09651111,
155147,13.07472222,-59.4925,
155146,47.8,-41.31666667,
154025,19.43638889,-99.07222222,
153628,21.77388889,-72.26861111,
153600,63.985,-22.60555556,
153404,35.3312,139.7811111,
153394,33.28944444,-69.41333333,
152975,51.64371389,3.23140556,
152921,56,-20,
152883,54.21666667,-48.76666667,
152858,14.86675,-80.34566944,
152598,48,-50,
152470,42.91136111,17.24525556,
152228,26.52722222,-84.37583333,
152202,20,-70,
152020,59.12416667,1.35972222,
151987,38.76194444,-27.09083333,
151955,19.90127778,-67.71823889,
151936,52,-20,
151777,58.87666667,5.63777778,
151542,48,-50,
151496,41.25555556,22.75944444,
151344,18.50361111,-77.91333333,
151313,-29.46333333,-71.76666667,
151247,26.55861111,-78.69555556,
151147,59.46666667,-58,
151112,52,-15,
150721,10.59305556,-85.54555556,
150417,17.93555556,-76.7875,
146693,47,-46,
146615,49,-50,
146337,45,-54,
145912,18.1096,-77.2975,
145867,50.5,-45,
145812,50.5,-50,
145613,12.50138889,-70.01527778,
145467,50.63333333,-42.61666667,
145245,53,-50,
144839,50,-48,
144819,65,-50,
144065,-83.91666667,168.7666667,
143821,48,-40,
143642,56.75,-37.5,
143489,46,-52,
143388,55.45,-39.23333333,
143363,23.71833333,-15.93194444,
143015,48,-50,
142925,50.5,-33.31666667,
142792,46.91666667,-50.5,
142702,50.75,-46,
142520,46,-35,
142412,60,-50,
142327,55,-30,
142252,28.65,-91.35,
142236,51.33333333,-46.05,
142227,54.53333333,-32.4,
142130,52.75,-33.16666667,
142109,42.5,-55.83333333,
142020,46.66666667,-52.51666667,
141985,46.75,-46.36666667,
141011,27,-90,
140861,48.5,-45,
140808,53.16666667,-158.45,
140383,19.4326,-99.1332,
140351,37.46666667,126.45,
140294,57,-50,
140211,45,-50,
139680,52,-50,
138874,50,-40,
138724,50,-145,
138694,58,-55,
138344,50,-131.7166667,
138030,52,-40,
137824,48.5,-45,
137725,54,-136,
136972,48,-50,
136182,35,-52,
136048,58,-50,
135552,35.76527778,140.3855556,
135263,51.83333333,-52.7,
134918,47.45,-8.55,
134612,62,-60,
133721,48,-50,
131781,53.16666667,-45,
131758,58,-40,
131350,-78.01666667,-155.0166667,
131266,10.60305556,-66.99055556,
131070,46,-32,
130670,54,-40,
130571,13.07472222,-59.4925,
129989,49.81666667,-39.03333333,
129385,42.5,-67,
129373,45,-50,
127613,54,-42,
127478,51,-40,
127180,57,-148,
127152,47,-45,
126899,49,-46,
126784,48.91666667,-42,
126646,70.5,-135,
126259,53.36666667,-47,
126229,43.06666667,-57.86666667,
126219,54.88333333,-54.78333333,
126165,50,-145,
125836,47,-50,
125453,50,-145,
125375,54.83333333,-52,
125230,53,-50,
125037,50,-145,
124934,49.83333333,-42.66666667,
124921,32.2,126.65,
123966,60.01666667,-8.56666667,
123697,48,-50,
121957,58.03333333,-59.93333333,
121532,48,-43,
121486,55,-43,
121248,62,-10,
121162,50.5,-52,
121074,56,-40,
120872,61,-30,
120658,48.58333333,-47.33333333,
119489,48,-39.16666667,
119421,64.83333333,-22.43333333,
119265,48,-50,
118767,45,-43,
117465,52,-50,
117015,19.43333333,-99.06666667,
116955,52,-47.66666667,
116708,63.98333333,-22.6,
115629,46,-30,
115485,48,-50,
115228,55,-35,
114538,59,-40,
111758,46.16666667,-49.33333333,
111103,60.83333333,-43.5,
111041,48,-50,
110713,51,-49.5,
109421,44,-62,
108739,59.83333333,-50.33333333,
108371,52.7,-8.91666667,
107531,48.86666667,-52,
107166,59.33333333,-48.5,
106972,63,-30,
106700,54.5,-45,
106247,52,-41,
105096,54.5,-47.66666667,
103516,23,-78.8,
103021,12.5,-70.01666667,
102934,58,-30,
102814,54,-50,
102789,30,-78,
102568,35.76527778,140.3855556,
102196,53.68333333,-136.1833333,
101780,0,-30,
101631,18.5,-77.91666667,
101152,57,-40,
100646,52,-50,
100139,54.3,-37.71666667,
99399,47,-45,
99227,55,-35,
98574,40.33333333,-52,
97276,35.75,140.3666667,
97057,55.08333333,-34.81666667,
96908,15,115,
96687,72,-60,
96595,45,-42,
96290,52.5,-46,
95877,57,-30,
95398,48,-50,
95258,-10,-140,
95042,46.5,-58.33333333,
94804,56,-11,
94470,62,-20,
93888,43,-62,
93705,47,-40,
93593,62.5,-33.5,
93020,46.41666667,-56.15,
92938,45.5,-44,
92930,49,-50,
92760,51,-50,
92358,56.33333333,-58,
92331,45.48333333,-43.73333333,
92228,59,-40,
92145,49,-50,
91318,47,-57,
91307,58,-50,
91060,41,-15,
90994,53,-40,
90278,45.5,-44,
89979,52.83333333,-42,
89468,23.55,119.6166667,
89419,47.5,-41,
89342,57,-50,
89254,48,-50,
88852,56,-30,
88273,56,-50,
88118,61,-40,
87977,55.51666667,-57.01666667,
87319,51.08333333,-49.91666667,
86855,51.83333333,-47,
86793,49,-30,
86680,53,-55,
86545,56.83333333,-52.5,
86418,59,-60,
86128,55,-52,
85929,59.66666667,-37,
85385,35.6895,139.6917,
85374,53,-50,
84983,57,-40,
84810,55,-40,
83779,49,-50,
83339,56.75,-57,
83297,53,-50,
82922,53.5,-35,
82741,55,-43,
82700,49,-51,
82269,64.16666667,-59.83333333,
81382,-6.2088,106.8456,
81084,35.75,140.3833333,
80954,60,-59,
80940,51.33333333,-45,
80937,55,-10,
80622,51,-43,
80109,50,-46,
79606,49,-51.5,
79414,47,-50,
78874,19.28333333,-80.16666667,
78844,42.16666667,-66.08333333,
78658,55,-38,
78614,32.28333333,127.05,
77989,58,-50,
77910,84.71666667,-111.75,
76596,13.9,100.6,
75779,55,-43,
75772,51.66666667,-35,
75510,42,160,
75317,55.51666667,-57.01666667,
74559,45.66666667,-52.08333333,
73556,10,-98,
73376,47,-50,
73089,47,-30,
73087,58,-50,
72921,48,-50,
72098,50,-50,
69206,56,-50,
68470,25,-65.5,
67152,50,-50,
66786,55,-35,
66661,48,-50,
66577,51,-36,
66510,62,-40,
66299,45.83333333,-48.66666667,
66001,60,-40,
65854,53,-50,
65823,49.66666667,-45,
65712,54.61666667,-55.86666667,
65531,53,-40,
65472,0.86666667,-0.55,
64781,30,-60,
64532,35,-71,
63323,47,-33.5,
63321,46.33333333,-51.33333333,
63299,49.08333333,-45.21666667,
63297,43.4,-50.35,
63243,50,-40,
63236,45.83333333,-42,
63233,51,-34,
63229,62,-30,
63221,57.5,-48,
63179,53,-50,
63175,57,-55,
63153,59,-30,
63149,49,-50,
63056,83.01666667,-115,
61255,61.5,-44,
61251,53.9,-43.71666667,
61248,57,-38,
61236,53,-51,
61234,50,-52,
61233,56.33333333,-43.5,
61222,59,-52,
61174,62,-40,
61155,52,-50,
61118,54.61666667,-35,
61111,57.25,-54.5,
61076,48,-50,
61068,47,-50,
61063,52,-40,
61038,50,-50,
61037,50,-50,
61032,60.25,-40,
61027,43.71666667,-53.71666667,
61025,64,-40,
61000,59,-40,
60966,57.5,-53,
59542,59.9139,10.7522,
59300,51,-40,
59299,46,-50,
59289,50,-42,
59279,48.83333333,-42.41666667,
59255,51.41666667,-36.83333333,
59198,54.01666667,-46.98333333,
59188,45.75,-55.01666667,
59172,57.2,-59.16666667,
59142,52,-50,
59140,55,-50,
59125,57,-40,
59087,55.66666667,-56.75,
59086,54,-40,
59080,48,-40,
59067,59,-50,
59037,54,-50,
59035,48.65,-51,
59012,43,-45,
59009,58,-30.5,
57832,19.28333333,-81.35,
57575,50,-40,
57550,45,-50,
57536,54.66666667,-55.83333333,
57532,59,-60,
57526,49.5,-35,
57514,46,-47,
57506,58,-40,
57502,57,-30,
57496,50,-30,
57429,53,-40,
57427,54,-43,
56672,19.4326,-99.1332,
56131,45,-50,
56129,50,-40,
56110,52,-36,
56103,46.66666667,-46.16666667,
56085,64,-50,
56077,60,-30,
56076,49,-50,
56070,47,-44,
54871,59,-40,
54848,42,-65,
54839,59.5,-47,
54838,56,-50,
54837,46,-40,
54827,48,-50,
54826,60,-50,
54824,61,-40,
54811,55,-50,
54810,50,-50,
54809,54,-40,
54806,61,-30,
54803,61.35,-43.78333333,
54784,46.75,-49.25,
51921,8.13333333,100.9166667,
51810,90,-120,
48596,12.66666667,-67.16666667,
47437,24.16666667,-75.5,
